pathway	is_part_of@metabolic_network	RATE
PWY-701	brassica_napus	0.33
PWY-5274	brassica_napus	1.0
PWY-3881	brassica_napus	0.33
PWY-6823	brassica_napus	1.0
PWY66-378	brassica_napus	0.5
PWY-5509	brassica_napus	0.12
PWY-7204	brassica_napus	1.0
CYANCAT-PWY	brassica_napus	0.67
PWY-7720	brassica_napus	0.67
PWY-43	brassica_napus	1.0
PWY-7498	brassica_napus	0.5
PWY-6583	brassica_napus	0.38
ASPARAGINE-BIOSYNTHESIS	brassica_napus	1.0
PWY-6265	brassica_napus	0.33
PWY-6363	brassica_napus	1.0
PWY-7767	brassica_napus	0.4
PWY-7826	brassica_napus	0.08
PWY-6773	brassica_napus	1.0
PWY-5484	brassica_napus	0.82
PWY-7049	brassica_napus	0.57
PWY0-1567	brassica_napus	0.5
DETOX1-PWY-1	brassica_napus	0.75
PWY-5049	brassica_napus	0.25
PWY-6277	brassica_napus	0.8
ETHYL-PWY	brassica_napus	1.0
PWY1F-FLAVSYN	brassica_napus	1.0
PWY-5912	brassica_napus	0.5
PWY-7205	brassica_napus	1.0
ETOH-ACETYLCOA-ANA-PWY	brassica_napus	0.5
PWY-7285	brassica_napus	0.5
PWY66-423	brassica_napus	1.0
PWY-7402	brassica_napus	0.33
PWY-6852	brassica_napus	1.0
PWY-7795	brassica_napus	0.5
PWY-7758	brassica_napus	0.07
PWY-6938	brassica_napus	0.5
PWY-7807	brassica_napus	0.43
PWY-2541	brassica_napus	0.35
PWY-7290	brassica_napus	0.17
PWY0-1568	brassica_napus	0.5
P321-PWY	brassica_napus	0.22
PWY-3181	brassica_napus	1.0
PWY-7511	brassica_napus	0.22
PWY-5451	brassica_napus	0.5
PWY-6185	brassica_napus	0.14
PWY-6520	brassica_napus	1.0
PWY-7470	brassica_napus	0.5
PWY-6435	brassica_napus	0.8
PWY-5188	brassica_napus	1.0
PWY-6596	brassica_napus	1.0
PWY-6959	brassica_napus	0.2
PWY-6598	brassica_napus	0.8
PWY-6765	brassica_napus	1.0
PWY-6477	brassica_napus	0.5
PWY-6386	brassica_napus	0.12
PWY-5068	brassica_napus	0.83
PWY-6769	brassica_napus	0.17
PWY-4321	brassica_napus	0.8
PWY-5408	brassica_napus	0.5
PWY-4661	brassica_napus	0.57
PWY-5203	brassica_napus	0.12
PWY-5710	brassica_napus	0.17
PWY-6467	brassica_napus	0.67
PWY-5403	brassica_napus	0.5
PWY-6946	brassica_napus	0.32
PWY-5332	brassica_napus	1.0
PWY-6416	brassica_napus	0.33
PWY-4101	brassica_napus	0.67
ASPARAGINESYN-PWY	brassica_napus	1.0
PWY-5086	brassica_napus	1.0
PWY-6317	brassica_napus	1.0
PWY-6454	brassica_napus	0.67
PWY-6423	brassica_napus	0.14
PWY-7219	brassica_napus	1.0
PWY-5530	brassica_napus	0.33
PWY-6132	brassica_napus	1.0
PWY-6748	brassica_napus	0.2
MANNCAT-PWY	brassica_napus	1.0
PWY-6002	brassica_napus	0.5
PWY-6784	brassica_napus	0.67
PWY-6258	brassica_napus	0.2
GALACTARDEG-PWY	brassica_napus	0.25
PWY-6035	brassica_napus	1.0
PWY-6457	brassica_napus	1.0
PWY-7213	brassica_napus	0.67
PWY-6936	brassica_napus	0.8
PWY-7411	brassica_napus	0.6
PWY-6643	brassica_napus	0.17
PWY-922	brassica_napus	1.0
PWY-3162	brassica_napus	0.15
PWY-6958	brassica_napus	0.62
PWY-5175	brassica_napus	0.33
PWY-7728	brassica_napus	0.6
PWY-7277	brassica_napus	0.67
PWY-6679	brassica_napus	0.11
PWY-5663	brassica_napus	0.33
BETSYN-PWY	brassica_napus	0.5
PWY-7343	brassica_napus	1.0
PWY-5691	brassica_napus	1.0
PWY-7003	brassica_napus	1.0
TRPIAACAT-PWY	brassica_napus	1.0
PWY-6857	brassica_napus	0.43
PWY-6892	brassica_napus	0.86
PWY-7111	brassica_napus	0.8
PWY-5406	brassica_napus	0.25
PWY-6316	brassica_napus	0.5
PWY-7093	brassica_napus	1.0
PWY-6974	brassica_napus	0.14
PWY-6364	brassica_napus	0.67
PWY-3821	brassica_napus	1.0
PWY-5083	brassica_napus	0.67
PWY-7234	brassica_napus	0.5
PWY-7339	brassica_napus	0.5
PWY-5660	brassica_napus	0.08
PWY-7312	brassica_napus	0.25
PWY-6309	brassica_napus	0.09
PWYQT-4427	brassica_napus	1.0
PWY-5473	brassica_napus	0.17
LEUSYN-PWY	brassica_napus	0.83
GLUCONSUPER-PWY	brassica_napus	1.0
PWY0-1275	brassica_napus	0.5
PWY-6906	brassica_napus	0.38
PWY-5194	brassica_napus	0.75
P105-PWY	brassica_napus	0.91
PWY-6943	brassica_napus	0.67
COA-PWY	brassica_napus	1.0
PWY-6902	brassica_napus	0.6
PWY-6124	brassica_napus	1.0
PWY-5884	brassica_napus	1.0
PWY490-4	brassica_napus	0.33
SERDEG-PWY	brassica_napus	0.33
PWY-7839	brassica_napus	0.29
PWY-2501	brassica_napus	0.25
PWY66-201	brassica_napus	0.18
FASYN-ELONG-PWY	brassica_napus	1.0
PWY0-1415	brassica_napus	1.0
PWY-722	brassica_napus	0.17
PWY-6992	brassica_napus	0.8
PWY-7342	brassica_napus	0.33
GLUCARDEG-PWY	brassica_napus	0.25
PWY-7591	brassica_napus	0.17
PWY-5743	brassica_napus	0.36
PWY-7816	brassica_napus	0.12
PWY-7091	brassica_napus	0.5
PWY-5901	brassica_napus	1.0
PWY-7400	brassica_napus	0.78
PWY-6894	brassica_napus	1.0
PWY-7340	brassica_napus	0.5
PWY-7666	brassica_napus	0.33
PWY-5046	brassica_napus	1.0
TRPSYN-PWY	brassica_napus	1.0
PWY-7746	brassica_napus	0.12
GLUCONEO-PWY	brassica_napus	0.92
PWY-5298	brassica_napus	0.33
PWY-1861	brassica_napus	0.78
PWY-6908	brassica_napus	0.67
PWY-5271	brassica_napus	0.33
PWY-6167	brassica_napus	0.3
PWY-6320	brassica_napus	0.4
PWY0-1581	brassica_napus	0.5
PWY-4302	brassica_napus	1.0
PWY-5676	brassica_napus	0.4
PWY-5060	brassica_napus	0.5
PWY-6032	brassica_napus	0.33
PWY0-1336	brassica_napus	0.5
PWY-6330	brassica_napus	1.0
PWY-2582	brassica_napus	0.24
HISTSYN-PWY	brassica_napus	1.0
GLUTSYNIII-PWY	brassica_napus	1.0
PWY-31	brassica_napus	0.5
PWY-7291	brassica_napus	0.5
P345-PWY	brassica_napus	0.67
SO4ASSIM-PWY	brassica_napus	0.5
PWY-7798	brassica_napus	0.2
PWY-7224	brassica_napus	0.67
PWY-5928	brassica_napus	0.33
PWY-7179-1	brassica_napus	0.33
PWY-5001	brassica_napus	0.2
PWY-6964	brassica_napus	1.0
PWY-1641	brassica_napus	1.0
PWY-5265	brassica_napus	0.33
PWY-7442	brassica_napus	0.29
PWY-6848	brassica_napus	0.33
PWY-7154	brassica_napus	0.12
PWY-6557	brassica_napus	0.75
PWY-5833	brassica_napus	0.33
PWY0-541	brassica_napus	1.0
PWY-6100	brassica_napus	0.5
PWY-7295	brassica_napus	0.12
PWY-7836	brassica_napus	0.05
PWY-5768	brassica_napus	1.0
PWY-6580	brassica_napus	0.67
PWY-7013	brassica_napus	0.2
PWY-7765	brassica_napus	0.2
P241-PWY	brassica_napus	0.38
PWY-761	brassica_napus	0.17
PWY-5082	brassica_napus	0.67
PWY-7007	brassica_napus	0.67
PWY-5348	brassica_napus	0.25
PWY-6733	brassica_napus	0.61
PWY-5087	brassica_napus	0.25
PWYQT-4476	brassica_napus	0.15
PWY-6876	brassica_napus	0.2
PWY-7307	brassica_napus	0.33
ALANINE-VALINESYN-PWY	brassica_napus	0.33
PWY-6011	brassica_napus	0.67
PWY-2981	brassica_napus	0.08
PWY-6948	brassica_napus	0.22
ILEUSYN-PWY	brassica_napus	0.71
PWY-5147	brassica_napus	1.0
PWY-6383	brassica_napus	0.4
PWY-7174	brassica_napus	0.25
PWY-6618	brassica_napus	1.0
PWY0-1546	brassica_napus	0.25
PWY-5523	brassica_napus	0.33
GLYSYN-THR-PWY	brassica_napus	1.0
PWY-6673	brassica_napus	0.33
CALVIN-PWY	brassica_napus	1.0
PWY-2261	brassica_napus	0.5
PWY0-1587	brassica_napus	1.0
PWY-7606	brassica_napus	0.64
PWY-6978	brassica_napus	0.2
PWY-1622	brassica_napus	0.62
PWY-7626	brassica_napus	0.1
PWY-3101	brassica_napus	0.71
PWY-6722	brassica_napus	0.17
PWY-6307	brassica_napus	1.0
PWY-7718	brassica_napus	0.2
PWY-7251	brassica_napus	0.2
ANAPHENOXI-PWY	brassica_napus	0.33
PWY-2942	brassica_napus	0.86
PWY-5737	brassica_napus	0.17
PWY-5706	brassica_napus	0.09
PWY0-661	brassica_napus	0.67
UDPNAGSYN-PWY	brassica_napus	0.6
PWY-5151	brassica_napus	0.5
PWY-5084	brassica_napus	1.0
PWY-4861	brassica_napus	1.0
PWY0-501	brassica_napus	1.0
PWY-3341	brassica_napus	0.8
PWY-5480	brassica_napus	0.33
METHIONINE-DEG1-PWY	brassica_napus	0.67
PWY-5970	brassica_napus	1.0
PWYG-321	brassica_napus	0.2
PWY-5670	brassica_napus	1.0
PWY-5390	brassica_napus	0.67
PWY0-1353	brassica_napus	0.5
PWY-6543	brassica_napus	1.0
PWY-3161	brassica_napus	0.5
CODH-PWY	brassica_napus	0.44
PWY-7286	brassica_napus	0.5
PWY-6151	brassica_napus	0.5
PWY-5409	brassica_napus	0.5
12DICHLORETHDEG-PWY	brassica_napus	0.75
METHYLGALLATE-DEGRADATION-PWY	brassica_napus	0.33
P121-PWY	brassica_napus	0.5
PWY-7294	brassica_napus	0.14
2PHENDEG-PWY	brassica_napus	0.5
PWY-6027	brassica_napus	0.5
PWY-7115	brassica_napus	1.0
PWY-4	brassica_napus	0.33
PWY-5070	brassica_napus	0.43
PWY-6385	brassica_napus	0.17
PWY-7782	brassica_napus	0.69
PWY4FS-4	brassica_napus	0.6
PWY-5153	brassica_napus	0.5
PWY0-1305	brassica_napus	1.0
PWY-5934	brassica_napus	0.33
COBALSYN-PWY	brassica_napus	0.17
PWY-7141	brassica_napus	1.0
PWY-7589	brassica_napus	0.5
PWY-5947	brassica_napus	0.67
PWY-5195	brassica_napus	0.11
PWY-5313	brassica_napus	0.14
PWY-2661	brassica_napus	0.33
PWY-1361	brassica_napus	0.43
PWY-7094	brassica_napus	0.67
GALLATE-DEGRADATION-I-PWY	brassica_napus	0.2
PWY-5267	brassica_napus	0.5
PWY-5907	brassica_napus	1.0
3-HYDROXYPHENYLACETATE-DEGRADATION-PWY	brassica_napus	0.25
PWY-5667	brassica_napus	1.0
PWY-1741	brassica_napus	0.25
PWY-5176	brassica_napus	0.2
PWY-1801	brassica_napus	1.0
PWY-5081	brassica_napus	0.75
PWY3DJ-12	brassica_napus	0.5
PWY-6987	brassica_napus	0.67
PWY-5057	brassica_napus	0.67
NAD-BIOSYNTHESIS-III	brassica_napus	1.0
OXIDATIVEPENT-PWY	brassica_napus	1.0
PWY-5516	brassica_napus	1.0
PWY-7118	brassica_napus	0.83
PWY-7318	brassica_napus	0.2
PWY0-1535	brassica_napus	0.33
LIPAS-PWY	brassica_napus	0.5
PWY-5177	brassica_napus	0.6
P621-PWY	brassica_napus	0.14
PWYQT-4472	brassica_napus	0.22
PWY-6893	brassica_napus	1.0
PWY-5366	brassica_napus	1.0
PWY66-373	brassica_napus	0.6
PWY-3941	brassica_napus	0.33
PWY-6269	brassica_napus	0.14
PWY-6896	brassica_napus	0.5
ADENOSYLHOMOCYSCAT-PWY	brassica_napus	0.67
PWY-5108	brassica_napus	0.33
PWY-7814	brassica_napus	0.33
KDOSYN-PWY	brassica_napus	1.0
PWY-1186	brassica_napus	0.29
PWY-3261	brassica_napus	1.0
HOMOCYSDEGR-PWY	brassica_napus	0.25
PWY66-374	brassica_napus	0.2
NADPHOS-DEPHOS-PWY-1	brassica_napus	0.5
PWY-6140	brassica_napus	0.25
PWY-7380	brassica_napus	0.67
PWY-5392	brassica_napus	0.58
PROPIONMET-PWY	brassica_napus	0.33
PWY-7155	brassica_napus	0.3
ARGSYN-PWY	brassica_napus	1.0
ALACAT2-PWY	brassica_napus	1.0
PWY-6588	brassica_napus	0.2
PWY-7374	brassica_napus	0.17
PWY-7524	brassica_napus	0.62
CYSTSYN-PWY	brassica_napus	1.0
PWY-6525	brassica_napus	0.4
M-CRESOL-DEGRADATION-PWY	brassica_napus	0.2
PWY-6910	brassica_napus	1.0
PWY-5971	brassica_napus	1.0
PWY-6824	brassica_napus	0.33
PWY-6441	brassica_napus	1.0
PWY-5695	brassica_napus	0.75
PWY-6181	brassica_napus	0.67
PWY-7130	brassica_napus	0.14
PWY0-1479	brassica_napus	0.8
PWY-5425	brassica_napus	0.33
ASPARTATE-DEG1-PWY	brassica_napus	1.0
PWY-6005	brassica_napus	1.0
PWY-3981	brassica_napus	1.0
PWY-7242	brassica_napus	0.25
PWY-5321	brassica_napus	0.08
PWY-6691	brassica_napus	0.33
PWY-5744	brassica_napus	0.36
PWY-6724	brassica_napus	0.78
PWY-5461	brassica_napus	1.0
PWY-7387	brassica_napus	0.33
TRESYN-PWY	brassica_napus	1.0
PWY-6053	brassica_napus	0.25
PWY-6907	brassica_napus	0.67
PWY-7164	brassica_napus	0.33
PWY6666-1	brassica_napus	1.0
ARGASEDEG-PWY	brassica_napus	1.0
PWY-7769	brassica_napus	0.08
LYSINE-AMINOAD-PWY	brassica_napus	0.33
PWY-6075	brassica_napus	0.6
PWY-5705	brassica_napus	1.0
PWY-6953	brassica_napus	0.2
PWY-5279	brassica_napus	1.0
PWY-6789	brassica_napus	0.5
ACETOACETATE-DEG-PWY	brassica_napus	0.5
PWY-7783	brassica_napus	0.5
PWY-5350	brassica_napus	1.0
GLYCOGENSYNTH-PWY	brassica_napus	1.0
PWY-6949	brassica_napus	0.17
PWY-4341	brassica_napus	1.0
PWY-7663	brassica_napus	1.0
PWY-7101	brassica_napus	0.2
PWY-5290	brassica_napus	0.23
P3-PWY	brassica_napus	0.09
PWY-6131	brassica_napus	0.5
PWY-7254	brassica_napus	0.67
TYRFUMCAT-PWY	brassica_napus	1.0
PWY-6797	brassica_napus	0.43
PWY-5125	brassica_napus	1.0
CENTFERM-PWY	brassica_napus	0.43
PWY-5488	brassica_napus	0.2
PWY-7297	brassica_napus	0.5
PWY-7398	brassica_napus	0.38
UDPNACETYLGALSYN-PWY	brassica_napus	1.0
PWY4FS-7	brassica_napus	1.0
PWY-7659	brassica_napus	0.11
PWY-6443	brassica_napus	0.29
PWY66-399	brassica_napus	0.67
BSUBPOLYAMSYN-PWY	brassica_napus	1.0
PWY66-389	brassica_napus	1.0
P281-PWY	brassica_napus	0.14
PWY-6837	brassica_napus	0.8
PWY-4821	brassica_napus	1.0
FAO-PWY	brassica_napus	1.0
PWY-7571	brassica_napus	0.2
PWY-6762	brassica_napus	1.0
PWY-6196	brassica_napus	1.0
PWY-5270	brassica_napus	0.17
PWY-5690	brassica_napus	0.89
PWY66-391	brassica_napus	0.86
PWY-7356	brassica_napus	0.86
PWY-5288	brassica_napus	0.4
SUCROSEUTIL2-PWY	brassica_napus	0.25
PYRIDNUCSYN-PWY	brassica_napus	0.83
PWY-5035	brassica_napus	0.43
PWY-6803	brassica_napus	1.0
PWY-7426	brassica_napus	0.57
PWY-6859	brassica_napus	0.75
PWY-5364	brassica_napus	0.5
SULFMETII-PWY	brassica_napus	1.0
PWY-5487	brassica_napus	0.2
PWY0-1300	brassica_napus	0.5
PWY-7736	brassica_napus	0.38
PWY0-1321	brassica_napus	0.5
PWY4FS-2	brassica_napus	1.0
ARGSPECAT-PWY	brassica_napus	1.0
PWY-5852	brassica_napus	1.0
GLUDEG-II-PWY	brassica_napus	0.5
PWY-6693	brassica_napus	0.33
PWY-695	brassica_napus	0.6
PWY-5686	brassica_napus	1.0
PWY-7790	brassica_napus	0.83
PWY-6008	brassica_napus	1.0
PWY-5936	brassica_napus	0.33
HOMOSER-METSYN-PWY	brassica_napus	0.6
PWY-6517	brassica_napus	1.0
PWY-5032	brassica_napus	1.0
GALACTUROCAT-PWY	brassica_napus	0.2
PWY-5945	brassica_napus	1.0
PWY-7084	brassica_napus	0.5
PWY-6650	brassica_napus	0.2
PWY-7250	brassica_napus	0.4
PWY-7183	brassica_napus	1.0
PWY-5943	brassica_napus	1.0
PWY-7275	brassica_napus	0.33
PWYQT-4474	brassica_napus	0.25
PWY-6620	brassica_napus	0.5
PWY-5391	brassica_napus	0.8
PWY-7574	brassica_napus	0.4
PWY-7268	brassica_napus	1.0
ASPARAGINE-DEG1-PWY-1	brassica_napus	1.0
PWY-3661-1	brassica_napus	0.5
PWY-4621	brassica_napus	1.0
SULFUROX-PWY	brassica_napus	0.33
PWYQT-4473	brassica_napus	0.12
PWY-7019	brassica_napus	0.29
PWY-5800	brassica_napus	0.33
PWY1F-467	brassica_napus	1.0
PWY66-388	brassica_napus	0.43
PWY-7799	brassica_napus	0.36
PWY-4942	brassica_napus	0.5
PWY-7129	brassica_napus	0.14
PWY-5939	brassica_napus	0.5
PWY-181	brassica_napus	0.78
PWY-6398	brassica_napus	0.6
PWY-5766	brassica_napus	1.0
PWY-7341	brassica_napus	0.12
PWY0-1534	brassica_napus	0.5
PWY66-341	brassica_napus	0.83
FERMENTATION-PWY	brassica_napus	0.69
PWY0-1433	brassica_napus	0.25
PWY-0	brassica_napus	0.25
PWY-6325	brassica_napus	0.5
PWY-6664	brassica_napus	0.25
BGALACT-PWY	brassica_napus	1.0
TEICHOICACID-PWY	brassica_napus	0.25
QUINATEDEG-PWY	brassica_napus	0.33
PWY-7492	brassica_napus	0.17
PWY-6471	brassica_napus	0.33
PWY-7058	brassica_napus	0.14
PWY0-1295	brassica_napus	1.0
ILEUDEG-PWY	brassica_napus	0.5
LIPASYN-PWY	brassica_napus	1.0
PWY-5885	brassica_napus	0.5
PWY1F-353	brassica_napus	0.67
PWY-601	brassica_napus	0.15
LARABITOLUTIL-PWY	brassica_napus	0.5
MGLDLCTANA-PWY	brassica_napus	0.25
PWY-7212	brassica_napus	0.5
PWY3O-246	brassica_napus	1.0
TREDEGLOW-PWY	brassica_napus	0.5
PWY-6672	brassica_napus	0.44
PWY-4261	brassica_napus	1.0
DETOX1-PWY	brassica_napus	1.0
PWY-6697	brassica_napus	1.0
LACTOSEUTIL-PWY	brassica_napus	0.33
PWY66-366	brassica_napus	1.0
PWY-6952	brassica_napus	1.0
PWY-6536	brassica_napus	1.0
PWY-6436	brassica_napus	0.33
PWY-5336	brassica_napus	0.5
PWY-4361	brassica_napus	0.86
PWY0-1182	brassica_napus	1.0
PWY-6507	brassica_napus	0.2
PWY-5987	brassica_napus	0.12
PWY-5115	brassica_napus	0.5
PWY-7394	brassica_napus	0.67
PWY-5152	brassica_napus	0.6
PWY-2762	brassica_napus	0.4
P124-PWY	brassica_napus	0.8
PWY-6361	brassica_napus	1.0
PWY-7206	brassica_napus	0.67
PWY-5946	brassica_napus	1.0
PWY-5957	brassica_napus	1.0
PWY-6531	brassica_napus	0.2
PWY-5871	brassica_napus	0.5
CAMALEXIN-SYN	brassica_napus	0.11
PWY-4203	brassica_napus	0.5
PWY-5482	brassica_napus	0.33
PWY-6446	brassica_napus	0.33
PWY-381	brassica_napus	1.0
PWY-6351	brassica_napus	0.8
PWY-7822	brassica_napus	0.29
PWY-6607	brassica_napus	1.0
PWY-6232	brassica_napus	1.0
PYRIDOXSYN-PWY	brassica_napus	0.38
PWY-5963	brassica_napus	1.0
PWY-6430	brassica_napus	1.0
PWY-6374	brassica_napus	0.17
PWY-7142	brassica_napus	0.5
PWY-5197	brassica_napus	0.2
PWY-7255	brassica_napus	0.14
PWY-3961	brassica_napus	0.33
PWY-5154	brassica_napus	1.0
PWYDQC-4	brassica_napus	1.0
PWY-1061	brassica_napus	0.5
PWY-7410	brassica_napus	0.5
PWY-6799	brassica_napus	0.5
PWY-6168	brassica_napus	0.56
PWY-6113	brassica_napus	1.0
PWY-6121	brassica_napus	1.0
PWY-6861	brassica_napus	0.08
PWY-6200	brassica_napus	0.11
PWY-7513	brassica_napus	0.33
PWY-283	brassica_napus	1.0
PWY-5269	brassica_napus	0.67
THRDLCTCAT-PWY	brassica_napus	0.33
PWY-7199	brassica_napus	0.8
PWY-6963	brassica_napus	1.0
PWY-7803	brassica_napus	0.5
ANAGLYCOLYSIS-PWY	brassica_napus	0.9
PWY-7776	brassica_napus	0.38
PWY-6853	brassica_napus	0.2
PWY-5140	brassica_napus	0.09
PWY-6445	brassica_napus	0.33
PWY-5483	brassica_napus	0.5
PWY66-301	brassica_napus	0.5
PWY-1042	brassica_napus	1.0
PWY66-375	brassica_napus	0.33
P221-PWY	brassica_napus	0.6
PWY-6415	brassica_napus	0.14
PWY-6654	brassica_napus	0.25
PWY0-1334	brassica_napus	0.5
PWY-6482	brassica_napus	1.0
PWY-5137	brassica_napus	1.0
PWY-5030	brassica_napus	0.17
MALATE-ASPARTATE-SHUTTLE-PWY	brassica_napus	1.0
PWY-6339	brassica_napus	0.11
PWY-6728	brassica_napus	0.67
PWY-5268	brassica_napus	0.17
ALANINE-DEG3-PWY	brassica_napus	1.0
PWY-6287	brassica_napus	0.4
PWY-102	brassica_napus	0.36
PWY-7376	brassica_napus	0.31
PWY-6142	brassica_napus	0.67
PWY-6632	brassica_napus	1.0
PWY-5097	brassica_napus	1.0
P122-PWY	brassica_napus	0.78
PWY66-398	brassica_napus	1.0
PWY-6806	brassica_napus	0.18
TYRSYN	brassica_napus	1.0
PWY-6608	brassica_napus	0.5
PWY-6917	brassica_napus	1.0
PWY-5407	brassica_napus	0.4
PWY0-862	brassica_napus	1.0
P164-PWY	brassica_napus	0.35
PWY-6606	brassica_napus	0.75
GLYOXDEG-PWY	brassica_napus	1.0
PWY-6591	brassica_napus	0.5
PWY-5320	brassica_napus	0.09
PWY-5996	brassica_napus	1.0
PWY-6932	brassica_napus	0.4
PWY-699	brassica_napus	0.16
PHENYLALANINE-DEG1-PWY	brassica_napus	0.33
PWY-743	brassica_napus	0.5
TRPCAT-PWY	brassica_napus	0.33
PWY-7450	brassica_napus	0.22
PWY-5515	brassica_napus	0.33
PWY-6689	brassica_napus	0.29
PWY-6731	brassica_napus	0.75
RIBOSYN2-PWY	brassica_napus	0.78
GLYCLEAV-PWY	brassica_napus	1.0
PWY-6960	brassica_napus	0.17
PWY3O-355	brassica_napus	1.0
PWY-7409	brassica_napus	1.0
PWY-5041	brassica_napus	0.75
GLUGLNSYN-PWY	brassica_napus	1.0
LYXMET-PWY	brassica_napus	0.25
PWY-6342	brassica_napus	0.31
PWY-5168	brassica_napus	0.75
PWY-3081	brassica_napus	0.2
PWY4FS-8	brassica_napus	1.0
PWY-81	brassica_napus	0.33
PWY-4202	brassica_napus	0.14
PHESYN	brassica_napus	1.0
PWY4FS-12	brassica_napus	1.0
PWY-6825	brassica_napus	0.67
PWY-7587	brassica_napus	0.67
PWY66-394	brassica_napus	0.2
PWY-2881	brassica_napus	0.14
PWY-6538	brassica_napus	0.29
PWY-7431	brassica_napus	0.38
PWY-7388	brassica_napus	0.78
PWY-6736	brassica_napus	0.5
P42-PWY	brassica_napus	0.57
PWY-5103	brassica_napus	0.57
PWY-5047	brassica_napus	0.4
PWY-5872	brassica_napus	0.44
PWY-5174	brassica_napus	1.0
PWY-7688	brassica_napus	0.17
P181-PWY	brassica_napus	0.29
PWY-7601	brassica_napus	0.57
PWY-2161	brassica_napus	1.0
PWY-3221	brassica_napus	0.33
PWY-7535	brassica_napus	0.14
PWY-7396	brassica_napus	0.25
PWY-621	brassica_napus	1.0
PWY-6627	brassica_napus	0.07
PWY-6535	brassica_napus	1.0
P23-PWY	brassica_napus	0.75
ALKANEMONOX-PWY	brassica_napus	0.5
PWY-112	brassica_napus	1.0
PWY-7443	brassica_napus	0.33
PWY-7674	brassica_napus	0.29
PWY-6453	brassica_napus	0.43
PWY-1723	brassica_napus	0.25
PWY-63	brassica_napus	1.0
PWY-641	brassica_napus	0.33
PWY-6372	brassica_napus	0.57
PWY0-1221	brassica_napus	0.25
PWY-7036	brassica_napus	1.0
PWY0-1466	brassica_napus	1.0
PWY-7445	brassica_napus	0.75
PWY-5981	brassica_napus	0.6
PWY-5805	brassica_napus	1.0
PWY-6120	brassica_napus	0.67
PWY-6012	brassica_napus	0.5
PWY3DJ-11470	brassica_napus	0.8
PWY-6613	brassica_napus	1.0
PWY-5514	brassica_napus	0.71
PWY-6642	brassica_napus	0.33
PWY-6842	brassica_napus	0.38
PWY-1581	brassica_napus	0.33
PWY-6153	brassica_napus	0.2
PWY0-321	brassica_napus	0.33
PWY-6771	brassica_napus	0.33
PWY-7000	brassica_napus	0.05
PWY-7248	brassica_napus	0.4
PWY-5135	brassica_napus	0.5
HOMOSER-THRESYN-PWY	brassica_napus	1.0
PWY-6117	brassica_napus	0.6
CRNFORCAT-PWY	brassica_napus	0.25
PWY-5857	brassica_napus	0.5
PWY-2301	brassica_napus	1.0
P224-PWY	brassica_napus	0.4
PYRIDNUCSAL-PWY	brassica_napus	0.83
TREHALOSESYN-PWY	brassica_napus	0.5
PWY-5078	brassica_napus	0.67
PWY66-428	brassica_napus	0.5
PWY-361	brassica_napus	0.67
ENTBACSYN-PWY	brassica_napus	1.0
P184-PWY	brassica_napus	0.38
PWY-6788	brassica_napus	1.0
PWY-6633	brassica_napus	0.14
PWY-7046	brassica_napus	0.33
PWY-6466	brassica_napus	1.0
PWY-5080	brassica_napus	1.0
PWY-6098	brassica_napus	0.5
PWY-6804	brassica_napus	0.5
PWY-5826	brassica_napus	0.14
FUCCAT-PWY	brassica_napus	0.25
PWY-6318	brassica_napus	0.33
PWY-7230	brassica_napus	0.25
PWY-6807	brassica_napus	0.5
PWY-7082	brassica_napus	0.5
PWY-7375	brassica_napus	1.0
PWY-5	brassica_napus	0.5
PWY-4983	brassica_napus	1.0
GLUTDEG-PWY	brassica_napus	0.5
PWY-7134	brassica_napus	0.33
PWY-6322	brassica_napus	0.08
PWY-7759	brassica_napus	0.06
PWY-7840	brassica_napus	0.2
PWY-5938	brassica_napus	0.33
PWY-6993	brassica_napus	0.27
PWY-5064	brassica_napus	0.4
LEU-DEG2-PWY	brassica_napus	0.5
PWY-7614	brassica_napus	0.14
PWY-5143	brassica_napus	1.0
ENTNER-DOUDOROFF-PWY	brassica_napus	1.0
PWY-5123	brassica_napus	1.0
PWY-6362	brassica_napus	1.0
PWY-7170	brassica_napus	0.33
PWY-I9	brassica_napus	0.4
PWY-5363	brassica_napus	1.0
PWY-7734	brassica_napus	0.1
PWY-6802	brassica_napus	0.75
P401-PWY	brassica_napus	1.0
PWY-2083	brassica_napus	0.1
PWY-2723	brassica_napus	0.67
PWY-7726	brassica_napus	0.69
PWY-7247	brassica_napus	0.33
PWY-6660	brassica_napus	0.44
PWY-7274	brassica_napus	0.33
PWY-7267	brassica_napus	1.0
PWY-5426	brassica_napus	0.33
PWY0-1391	brassica_napus	1.0
PWY-1081	brassica_napus	1.0
PWY-5381	brassica_napus	0.64
PWY-5669	brassica_napus	1.0
PWY-5750	brassica_napus	0.5
PWY-6549	brassica_napus	1.0
PWY-7237	brassica_napus	0.25
PWY-5033	brassica_napus	0.2
PWY66-387	brassica_napus	0.5
PWY-5499	brassica_napus	0.11
PWY0-1335	brassica_napus	0.5
PWY-7221	brassica_napus	1.0
GLYOXYLATE-BYPASS	brassica_napus	1.0
TRNA-CHARGING-PWY	brassica_napus	1.0
PWY-7413	brassica_napus	0.25
PWY-5789	brassica_napus	0.44
PWY-6845	brassica_napus	1.0
PWY-6308	brassica_napus	0.67
PWY-7559	brassica_napus	0.5
PWY-5640	brassica_napus	1.0
PWY-5316	brassica_napus	0.33
PANTO-PWY	brassica_napus	0.75
PWY-7701	brassica_napus	0.5
PWY-7119	brassica_napus	0.55
PWY-6834	brassica_napus	0.5
PWY-6614	brassica_napus	1.0
GDPRHAMSYN-PWY	brassica_napus	0.5
PWY-5642	brassica_napus	0.14
PWY-6281	brassica_napus	0.5
PWY490-3	brassica_napus	1.0
GALLATE-DEGRADATION-II-PWY	brassica_napus	0.25
PWY-7227	brassica_napus	1.0
PWY-6174	brassica_napus	0.86
PWY-6899	brassica_napus	0.5
PWY-7193	brassica_napus	0.67
PWY-5067	brassica_napus	0.5
PWY-6961	brassica_napus	0.12
PWY-6707	brassica_napus	0.33
PWY-6261	brassica_napus	0.53
GLUTORN-PWY	brassica_napus	1.0
PWY-7165	brassica_napus	0.29
PWY-5980	brassica_napus	1.0
PWY-7727	brassica_napus	0.5
CITRULLINE-DEG-PWY	brassica_napus	0.5
PWY-7270	brassica_napus	1.0
PWY-5665	brassica_napus	0.33
PWY-7214	brassica_napus	1.0
PWY-5837	brassica_napus	0.71
PWY0-1573	brassica_napus	0.5
PWY-7833	brassica_napus	0.44
XYLCAT-PWY	brassica_napus	1.0
PWY-6698	brassica_napus	1.0
PWY-7052	brassica_napus	0.4
PWY-5815	brassica_napus	1.0
PWY-6636	brassica_napus	1.0
PWY-7283	brassica_napus	0.5
PWY-5491	brassica_napus	0.5
PWY-7233	brassica_napus	0.2
PWY-7517	brassica_napus	0.14
PWY-6559	brassica_napus	0.5
PWY-5423	brassica_napus	0.38
NONMEVIPP-PWY	brassica_napus	0.89
PWY-7104	brassica_napus	0.12
PWY-401	brassica_napus	1.0
P261-PWY	brassica_napus	0.14
PWY-7328	brassica_napus	0.5
PWY-6610	brassica_napus	0.67
PWY-7397	brassica_napus	1.0
PWY-5318	brassica_napus	0.17
PWY-321	brassica_napus	0.25
PWY-5059	brassica_napus	0.75
PWY-5694	brassica_napus	1.0
PWY-6030	brassica_napus	0.75
PWY-7117	brassica_napus	1.0
COA-PWY-1	brassica_napus	0.8
PWY4FS-3	brassica_napus	0.6
PWY-5278	brassica_napus	1.0
PWY-6578	brassica_napus	0.5
PWY-2821	brassica_napus	0.22
PWY-6944	brassica_napus	0.13
PWY-6891	brassica_napus	0.57
PWY-7112	brassica_napus	0.5
PWY-7163	brassica_napus	0.25
PWY-6901	brassica_napus	1.0
PWY-7055	brassica_napus	0.5
PWY-7235	brassica_napus	0.4
PWY-5739	brassica_napus	0.5
PWY0-901	brassica_napus	0.33
PWY-1822	brassica_napus	1.0
PPGPPMET-PWY	brassica_napus	0.83
PWY-7172	brassica_napus	0.14
GLUTAMINEFUM-PWY	brassica_napus	1.0
P21-PWY	brassica_napus	1.0
PWY-6326	brassica_napus	0.43
SPHINGOLIPID-SYN-PWY	brassica_napus	0.62
GLUTAMINDEG-PWY	brassica_napus	1.0
PWY-3581	brassica_napus	0.45
PWY66-397	brassica_napus	0.09
PWY6666-2	brassica_napus	0.4
PWY-5661	brassica_napus	0.67
PWY-7168	brassica_napus	0.12
PWY-7158	brassica_napus	0.33
PWY-5994	brassica_napus	0.94
PWY-6792	brassica_napus	0.33
POLYAMINSYN3-PWY	brassica_napus	1.0
PWY-6900	brassica_napus	0.5
PWY-6609	brassica_napus	0.5
PWY-7514	brassica_napus	0.33
PWY-5285	brassica_napus	0.33
PWY4FS-6	brassica_napus	0.75
PWY66-395	brassica_napus	0.09
PWY-6622	brassica_napus	0.33
PWY-3801	brassica_napus	1.0
PWY-7820	brassica_napus	0.11
PWY-101	brassica_napus	1.0
PWY-5022	brassica_napus	0.29
PWY-7308	brassica_napus	1.0
PWY66-425	brassica_napus	0.12
PWY-5707	brassica_napus	0.11
PWY-7432	brassica_napus	0.75
PWY-5138	brassica_napus	1.0
GALACTITOLCAT-PWY	brassica_napus	0.25
PWY-5659	brassica_napus	1.0
ARGSYNBSUB-PWY	brassica_napus	1.0
PWY-7124	brassica_napus	0.88
PWY-4181	brassica_napus	0.33
PWY-5486	brassica_napus	1.0
PWY-5382	brassica_napus	1.0
PWY-116	brassica_napus	1.0
PWY-5054	brassica_napus	0.67
PWY-5301	brassica_napus	0.06
PWYQT-4471	brassica_napus	0.13
PWY-3661	brassica_napus	0.57
PWY-1269	brassica_napus	0.6
PWY0-1021	brassica_napus	1.0
PWY0-1319	brassica_napus	1.0
PWY-5652	brassica_napus	0.2
PWY-6019	brassica_napus	0.5
PWY-3861	brassica_napus	0.75
HOMOSERSYN-PWY	brassica_napus	1.0
BETA-ALA-DEGRADATION-I-PWY	brassica_napus	0.5
GLYCOLATEMET-PWY	brassica_napus	0.25
PWY-5469	brassica_napus	0.25
PWY-7417	brassica_napus	1.0
PWY0-1517	brassica_napus	0.5
PWY-5966	brassica_napus	1.0
PWY-2722	brassica_napus	0.33
PWY-6104	brassica_napus	0.67
PWY-7472	brassica_napus	0.25
PWY-7153	brassica_napus	0.38
PWY-6898	brassica_napus	1.0
PWY-5436	brassica_napus	0.5
PWY-7831	brassica_napus	0.55
DTDPRHAMSYN-PWY	brassica_napus	0.75
PWY-5109	brassica_napus	0.33
PWY-1001	brassica_napus	1.0
PWY-6854	brassica_napus	0.43
PWY-5458	brassica_napus	0.33
PWY66-21	brassica_napus	1.0
PWY-5254	brassica_napus	0.12
PWY-7723	brassica_napus	0.38
PWY-6945	brassica_napus	0.29
PWY-66	brassica_napus	1.0
PWY-5958	brassica_napus	0.25
PWY-7456	brassica_napus	0.43
PWY1-3	brassica_napus	0.67
PWY-7383	brassica_napus	0.57
PWY-7338	brassica_napus	0.5
PROSYN-PWY	brassica_napus	0.75
PWY-7731	brassica_napus	1.0
PWY-5905	brassica_napus	1.0
PWY-6373	brassica_napus	0.25
PWY-5459	brassica_napus	1.0
PWY-5441	brassica_napus	0.5
PWY-7303	brassica_napus	0.25
PWY-7371	brassica_napus	0.2
PWY-5196	brassica_napus	0.29
PWY-6703	brassica_napus	0.25
PWY-7279	brassica_napus	1.0
PWY0-1261	brassica_napus	0.4
PWY-7159	brassica_napus	0.89
PWY-3462	brassica_napus	1.0
GLYSYN-PWY	brassica_napus	1.0
PWY-6475	brassica_napus	0.62
ARG-PRO-PWY	brassica_napus	0.75
ALANINE-SYN2-PWY	brassica_napus	1.0
PWY-2941	brassica_napus	0.67
PWY-6148	brassica_napus	0.14
PWY-3621	brassica_napus	1.0
PWY-6115	brassica_napus	1.0
HEMESYN2-PWY	brassica_napus	0.75
PWY-5437	brassica_napus	0.17
GLYCOCAT-PWY	brassica_napus	0.88
PWY4LZ-257	brassica_napus	0.43
PWY-6763	brassica_napus	0.27
PWY0-1264	brassica_napus	0.75
PWY-6352	brassica_napus	0.75
PWY-7452	brassica_napus	0.5
PWY-2181	brassica_napus	0.75
PWY-5875	brassica_napus	0.11
PWY0-1337	brassica_napus	0.33
PWY-5337	brassica_napus	1.0
PWY3O-19	brassica_napus	0.5
PWY-5534	brassica_napus	0.43
PWY-5941	brassica_napus	0.83
PWY-6890	brassica_napus	1.0
PWY-7216	brassica_napus	0.6
PWY-40	brassica_napus	1.0
THIOREDOX-PWY	brassica_napus	0.5
PWY-1881	brassica_napus	1.0
PWY0-1296	brassica_napus	0.33
PWY-5295	brassica_napus	0.33
PWY-3461	brassica_napus	1.0
PWY-5104	brassica_napus	0.5
PWY-6840	brassica_napus	0.5
PWY-5873	brassica_napus	0.5
PWY-6897	brassica_napus	1.0
PWY-7178	brassica_napus	0.25
PWY-7818	brassica_napus	0.11
PWY-7654	brassica_napus	0.45
PWY-6808	brassica_napus	0.11
PWY-6554	brassica_napus	1.0
TOLUENE-DEG-CATECHOL-PWY	brassica_napus	0.67
PWY-6999	brassica_napus	0.22
PWY-6039	brassica_napus	0.43
PWY-561	brassica_napus	1.0
PWY-7518	brassica_napus	0.5
PWY-6275	brassica_napus	0.67
PWY-822	brassica_napus	0.4
MANNOSYL-CHITO-DOLICHOL-BIOSYNTHESIS	brassica_napus	0.68
PWY-3385	brassica_napus	0.83
PWY3DJ-35471	brassica_napus	0.17
PWY-5856	brassica_napus	0.5
PWY-3982	brassica_napus	1.0
PWY-7661	brassica_napus	0.1
PWY-5034	brassica_napus	1.0
DARABITOLUTIL-PWY	brassica_napus	0.5
PWY-6537	brassica_napus	1.0
PWY-5653	brassica_napus	0.75
PWY-5870	brassica_napus	0.44
PWY-7437	brassica_napus	0.5
PWY-6129	brassica_napus	0.25
PWY-5307	brassica_napus	0.17
PWY-7805	brassica_napus	0.38
PWY-7226	brassica_napus	1.0
KETOGLUCONMET-PWY	brassica_napus	0.2
PWY4FS-13	brassica_napus	0.67
PWY-6684	brassica_napus	0.25
PWY-723	brassica_napus	1.0
PWY-881	brassica_napus	0.5
PWY-5675	brassica_napus	1.0
PWY-6447	brassica_napus	0.14
DISSULFRED-PWY	brassica_napus	0.5
PWY-4521	brassica_napus	0.5
PWY-5317	brassica_napus	0.12
PWY-282	brassica_napus	0.17
ASPASN-PWY	brassica_napus	1.0
PWY-5508	brassica_napus	0.11
PWY-7832	brassica_napus	0.2
PWY-6661	brassica_napus	0.2
PWY-6611	brassica_napus	0.67
ARGDEG-IV-PWY	brassica_napus	0.25
HSERMETANA-PWY	brassica_napus	1.0
PWY-7346	brassica_napus	1.0
PWY-6562	brassica_napus	0.5
PWY-7016	brassica_napus	0.2
PWY-5749	brassica_napus	0.5
PWY-5742	brassica_napus	0.25
PWY-6527	brassica_napus	1.0
PLPSAL-PWY	brassica_napus	1.0
PWY-5031	brassica_napus	0.5
PWY-7282	brassica_napus	0.67
CHOLINE-BETAINE-ANA-PWY	brassica_napus	0.5
PWY-6872	brassica_napus	0.25
PWY0-1586	brassica_napus	0.08
P101-PWY	brassica_napus	0.4
PWY-7440	brassica_napus	0.12
PWY-7686	brassica_napus	1.0
PWY0-1561	brassica_napus	0.5
GALACTCAT-PWY	brassica_napus	0.33
PWY-6780	brassica_napus	0.5
PWY-5886	brassica_napus	1.0
PWY-7161	brassica_napus	0.22
PWYQT-4477	brassica_napus	0.2
ASPARTATESYN-PWY	brassica_napus	1.0
PWY-7562	brassica_napus	0.29
PWY-6105	brassica_napus	0.56
PWY-6013	brassica_napus	1.0
TRIGLSYN-PWY	brassica_napus	0.71
PWY-6054	brassica_napus	0.67
PWY-7337	brassica_napus	0.5
PWY-6766	brassica_napus	0.33
CYSTEINE-DEG-PWY	brassica_napus	0.67
PWY-7002	brassica_napus	0.2
P185-PWY	brassica_napus	1.0
PWY-5747	brassica_napus	0.17
PWY-5989	brassica_napus	1.0
PWY-5434	brassica_napus	0.25
PWY-6473	brassica_napus	1.0
PWY-5189	brassica_napus	0.75
PWY-7222	brassica_napus	0.75
PWY-5738	brassica_napus	0.5
PWY-5760	brassica_napus	1.0
RIBOKIN-PWY	brassica_napus	0.33
PWY-7602	brassica_napus	0.57
PWY-5972	brassica_napus	0.83
PWY0-1355	brassica_napus	0.5
PWY-6883	brassica_napus	0.67
PWY-5368	brassica_napus	0.33
PWY-7819	brassica_napus	0.09
PWY-6523	brassica_napus	0.67
PWY-5389	brassica_napus	1.0
BENZCOA-PWY	brassica_napus	1.0
PWY-7416	brassica_napus	1.0
PWY-6369	brassica_napus	0.67
GLYCOLYSIS-TCA-GLYOX-BYPASS	brassica_napus	1.0
PWY-7420	brassica_napus	0.75
GLUTATHIONESYN-PWY	brassica_napus	1.0
PWY-6935	brassica_napus	0.2
PWY-7344	brassica_napus	1.0
PWY-6759	brassica_napus	1.0
NADPHOS-DEPHOS-PWY	brassica_napus	0.67
PWY-6973	brassica_napus	0.11
PWY0-1299	brassica_napus	1.0
PWY-6708	brassica_napus	0.5
PWY-7401	brassica_napus	0.4
PWY0-823	brassica_napus	1.0
PWY-2161B	brassica_napus	1.0
ARGDEG-III-PWY	brassica_napus	1.0
PWY-7385	brassica_napus	0.67
PWY-5466	brassica_napus	0.4
GAMMAHEXCHLORDEG-PWY	brassica_napus	0.18
PWY-7770	brassica_napus	0.1
PWY-6146	brassica_napus	0.5
PWY0-1313	brassica_napus	1.0
PWY-7262	brassica_napus	0.5
PWY-7817	brassica_napus	0.38
PWY-7382	brassica_napus	0.57
PWY-5428	brassica_napus	0.67
PWY-7288	brassica_napus	0.8
PWYQT-4475	brassica_napus	0.25
PWY-7725	brassica_napus	0.67
P542-PWY	brassica_napus	1.0
PWY-2902	brassica_napus	0.75
PWY-6313	brassica_napus	0.43
VALDEG-PWY	brassica_napus	0.62
PWY-6109	brassica_napus	0.5
PWY-622	brassica_napus	0.8
PWY0-1303	brassica_napus	0.5
PWY-7140	brassica_napus	0.5
PWY-7433	brassica_napus	0.2
PWY-2724	brassica_napus	0.33
PWY-3061	brassica_napus	0.25
TRPKYNCAT-PWY	brassica_napus	0.5
FASYN-INITIAL-PWY	brassica_napus	1.0
PWY66-367	brassica_napus	0.8
PWY-7187	brassica_napus	0.71
PWY-5708	brassica_napus	0.2
PWY-7760	brassica_napus	0.04
PWY-6524	brassica_napus	0.5
PWY-5474	brassica_napus	0.2
SALVADEHYPOX-PWY	brassica_napus	0.8
PWY1G-0	brassica_napus	0.17
PWY-6969	brassica_napus	0.83
IDNCAT-PWY	brassica_napus	0.33
PWY-7195	brassica_napus	0.5
PWY-6887	brassica_napus	0.12
PWY-7494	brassica_napus	0.5
PWY-6163	brassica_napus	1.0
PWY-6141	brassica_napus	0.4
PWY-6558	brassica_napus	0.15
PWY-5026	brassica_napus	1.0
PWY-7176	brassica_napus	1.0
PWY-7072	brassica_napus	0.07
PWY-6599	brassica_napus	1.0
PWY-6458	brassica_napus	0.33
PWY66-221	brassica_napus	0.28
PWY-6545	brassica_napus	0.89
PWY-4722	brassica_napus	0.2
PWY-6470	brassica_napus	0.22
PWY-6767	brassica_napus	0.11
PWY-5384	brassica_napus	0.75
PWY-882	brassica_napus	1.0
PWY-6133	brassica_napus	0.14
PWY-4061	brassica_napus	0.4
GLYCINE-SYN2-PWY	brassica_napus	1.0
P108-PWY	brassica_napus	0.43
PWY-6966	brassica_napus	1.0
COLANSYN-PWY	brassica_napus	1.0
PWY-7220	brassica_napus	0.75
PWY-6001	brassica_napus	0.5
PWY-5136	brassica_napus	1.0
PWY-6040	brassica_napus	0.5
PWY-6305	brassica_napus	0.75
PWY-5025	brassica_napus	1.0
GLUDEG-I-PWY	brassica_napus	1.0
PWY-5697	brassica_napus	0.5
PWY-7638	brassica_napus	0.75
PWY3DJ-11281	brassica_napus	0.67
PWY-7592	brassica_napus	0.6
PWY-5410	brassica_napus	0.33
PWY-5995	brassica_napus	0.5
PWY-7793	brassica_napus	0.5
PWY-7177	brassica_napus	0.33
PWY-862	brassica_napus	0.33
PWY-7128	brassica_napus	0.2
PWY-5129	brassica_napus	0.62
PWY-7377	brassica_napus	0.33
PWY-5526	brassica_napus	0.08
GLYCOLYSIS-E-D	brassica_napus	1.0
HEME-BIOSYNTHESIS-II	brassica_napus	1.0
PWY-6785	brassica_napus	1.0
NAGLIPASYN-PWY	brassica_napus	0.67
PWY0-1545	brassica_napus	0.67
PWY-5538	brassica_napus	0.5
PWY-5531	brassica_napus	0.44
PWY-5704	brassica_napus	1.0
P341-PWY	brassica_napus	0.67
PWY-5329	brassica_napus	1.0
PWY3O-4106	brassica_napus	0.5
SUCSYN-PWY	brassica_napus	1.0
PWY-5725	brassica_napus	0.33
PWY-5877	brassica_napus	0.17
PWY-7821	brassica_napus	0.22
DHGLUCONATE-PYR-CAT-PWY	brassica_napus	0.6
TCA	brassica_napus	0.8
PWY-5120	brassica_napus	1.0
PWY-6455	brassica_napus	0.33
PWY0-1584	brassica_napus	0.5
PWY66-161	brassica_napus	0.67
PWY-6735	brassica_napus	0.33
PWY-6448	brassica_napus	0.5
PWY-6433	brassica_napus	0.82
PWY-7137	brassica_napus	0.25
PWY-5340	brassica_napus	1.0
PWY-7520	brassica_napus	0.14
PWY-7186	brassica_napus	0.08
PWY-3121	brassica_napus	0.5
PWY-7446	brassica_napus	0.5
P162-PWY	brassica_napus	0.45
GLUTSYN-PWY	brassica_napus	1.0
ARGDEG-V-PWY	brassica_napus	0.33
PWY-5397	brassica_napus	0.4
PWY-6406	brassica_napus	1.0
PWY-7069	brassica_napus	0.25
PWY-7675	brassica_napus	0.5
PWY-7533	brassica_napus	0.22
PWY-7143	brassica_napus	0.5
PWY-6683	brassica_napus	0.67
PWY-6659	brassica_napus	0.12
PWY-5883	brassica_napus	0.12
PWY-6745	brassica_napus	1.0
ARGININE-SYN4-PWY	brassica_napus	1.0
PWYQT-4429	brassica_napus	1.0
PWY-4381	brassica_napus	1.0
PWY-6575	brassica_napus	0.17
PWY-5913	brassica_napus	1.0
PWY-6368	brassica_napus	0.56
PWY-2681	brassica_napus	0.27
PWY-2221	brassica_napus	0.56
PWY0-1356	brassica_napus	0.5
PWY-842	brassica_napus	0.67
PROUT-PWY	brassica_napus	0.67
PWY-7625	brassica_napus	1.0
PWY3O-6	brassica_napus	0.33
PWY-702	brassica_napus	0.5
PWY-5535	brassica_napus	1.0
PWY-7721	brassica_napus	0.5
PWY-6147	brassica_napus	1.0
PWY-7678	brassica_napus	0.6
PWY-5315	brassica_napus	0.33
GLUCOSE1PMETAB-PWY	brassica_napus	0.6
CITRULBIO-PWY	brassica_napus	0.88
PWY0-1576	brassica_napus	0.5
PWY-6556	brassica_napus	1.0
PWY-5859	brassica_napus	0.33
PWY-6787	brassica_napus	0.8
PWY-6649	brassica_napus	0.33
PWY-5698	brassica_napus	1.0
PWY-7179	brassica_napus	0.25
PWY-7717	brassica_napus	0.17
PWY-7436	brassica_napus	0.67
PWY-7546	brassica_napus	0.5
PWY-7269	brassica_napus	1.0
PWY-6758	brassica_napus	1.0
PWY-7679	brassica_napus	0.2
REDCITCYC	brassica_napus	0.67
PWY66-241	brassica_napus	0.2
PWY-7092	brassica_napus	0.67
PWY-5921	brassica_napus	0.5
GLUTAMATE-DEG1-PWY	brassica_napus	1.0
PWY-7315	brassica_napus	0.25
PWY-7539	brassica_napus	0.8
PWY-6873	brassica_napus	0.75
PWY-5107	brassica_napus	0.5
PWY-6737	brassica_napus	0.75
PWY-5326	brassica_napus	1.0
PWY-7316	brassica_napus	0.25
PWY1F-823	brassica_napus	1.0
PWY-6123	brassica_napus	0.67
PWY-7160	brassica_napus	0.11
PWY-6749	brassica_napus	0.2
PWY-5386	brassica_napus	0.67
PWY-7180	brassica_napus	0.33
PWY-6323	brassica_napus	1.0
PWY-4841	brassica_napus	1.0
PWY66-368	brassica_napus	0.67
PWY-7573	brassica_napus	0.33
PWY-7636	brassica_napus	0.25
PWY-3841	brassica_napus	0.82
PWY-6367	brassica_napus	0.5
PWY-6886	brassica_napus	1.0
PWY-7310	brassica_napus	0.33
PWY-6624	brassica_napus	1.0
PWY-7246	brassica_napus	0.33
PWY-5741	brassica_napus	0.27
PWY-3722	brassica_napus	0.5
PWY-5506	brassica_napus	0.5
NAD-BIOSYNTHESIS-II	brassica_napus	1.0
PWY-7664	brassica_napus	1.0
PWY0-1582	brassica_napus	1.0
PWY-6000	brassica_napus	0.5
PWY-6199	brassica_napus	0.1
PWY-5098	brassica_napus	0.67
PWY-5664	brassica_napus	0.25
PWY-7301	brassica_napus	0.4
PWY-5951	brassica_napus	1.0
VALSYN-PWY	brassica_napus	1.0
PWY0-1544	brassica_napus	0.5
PROTOCATECHUATE-ORTHO-CLEAVAGE-PWY	brassica_napus	0.25
PWY-7357	brassica_napus	0.67
PWY0-1507	brassica_napus	1.0
PWY3O-450	brassica_napus	1.0
PWY-7032	brassica_napus	0.33
ASPARAGINE-DEG1-PWY	brassica_napus	1.0
PWY-7197	brassica_napus	1.0
PWY-7619	brassica_napus	0.8
PWY-6387	brassica_napus	0.12
PWY-7181	brassica_napus	1.0
PWY-1722	brassica_napus	1.0
PWY-5172	brassica_napus	1.0
PWY-6366	brassica_napus	0.75
PWY-7791	brassica_napus	0.83
PWY-1782	brassica_napus	1.0
PWY-3641	brassica_napus	0.67
PWY-7466	brassica_napus	0.25
PWY-6512	brassica_napus	1.0
PWY-82	brassica_napus	0.5
PWY-6983	brassica_napus	0.33
PWY66-162	brassica_napus	1.0
PWY0-1301	brassica_napus	1.0
LCYSDEG-PWY	brassica_napus	0.33
P161-PWY	brassica_napus	0.2
PWY-7391	brassica_napus	0.88
PWY-5942	brassica_napus	0.5
PWY0-1329	brassica_napus	0.5
NPGLUCAT-PWY	brassica_napus	0.33
PWY-581	brassica_napus	0.62
PWY-5429	brassica_napus	0.67
PWY-7218	brassica_napus	1.0
PWY-6920	brassica_napus	0.67
RUMP-PWY	brassica_napus	0.67
PWY0-1585	brassica_napus	0.5
CENTBENZCOA-PWY	brassica_napus	0.29
PWY-2002	brassica_napus	0.2
SERSYN-PWY	brassica_napus	1.0
PWY-4081	brassica_napus	1.0
PWY-6348	brassica_napus	1.0
PWYQT-4450	brassica_napus	0.17
PWY-6333	brassica_napus	1.0
PWY-7618	brassica_napus	0.67
PWY-7044	brassica_napus	0.17
PWY-1121	brassica_napus	0.47
PWY-5651	brassica_napus	0.2
GLYCOLYSIS	brassica_napus	0.83
PWY66-3	brassica_napus	0.83
PWY-5331	brassica_napus	0.25
PWY-6118	brassica_napus	1.0
PWY-7299	brassica_napus	1.0
PWY-6397	brassica_napus	0.24
PWY-6389	brassica_napus	0.33
PWY-7693	brassica_napus	0.25
PWY-7173	brassica_napus	0.33
GLYSYN-ALA-PWY	brassica_napus	1.0
PWY-7724	brassica_napus	0.71
PWY-6061	brassica_napus	0.28
PWY66-422	brassica_napus	1.0
PWY-5740	brassica_napus	0.2
PWY-735	brassica_napus	0.89
PWY-6577	brassica_napus	0.75
PWY-7815	brassica_napus	0.13
PWY-2361	brassica_napus	0.5
PWY-7184	brassica_napus	1.0
PWY-6981	brassica_napus	1.0
PWY-6164	brassica_napus	1.0
PWY3O-440	brassica_napus	0.33
PWY-6700	brassica_napus	0.25
PEPTIDOGLYCANSYN-PWY	brassica_napus	1.0
PWY-801	brassica_napus	0.33
PWY-6055	brassica_napus	0.5
PWY-7838	brassica_napus	0.38
PWY-5754	brassica_napus	0.5
PWY-6605	brassica_napus	1.0
PWY-7434	brassica_napus	0.11
PWY-5770	brassica_napus	0.12
PWY-6074	brassica_napus	0.83
DAPLYSINESYN-PWY	brassica_napus	0.67
SAM-PWY	brassica_napus	1.0
PWY-7384	brassica_napus	0.6
PWY-1422	brassica_napus	1.0
PWY-6638	brassica_napus	0.33
PWY-5272	brassica_napus	0.5
PWY-7238	brassica_napus	1.0
PWY-7560	brassica_napus	1.0
PWY-4984	brassica_napus	1.0
PWY-7779	brassica_napus	0.2
PWY-5497	brassica_napus	0.33
PWY-5751	brassica_napus	0.4
PWY-7764	brassica_napus	0.5
PWY-7698	brassica_napus	0.15
PWY1-2	brassica_napus	1.0
PWY-6154	brassica_napus	0.17
PWY-6855	brassica_napus	0.14
PWY-3301	brassica_napus	1.0
PWY-6444	brassica_napus	0.5
PWY-7761	brassica_napus	0.75
PWY-1187	brassica_napus	0.25
PWY-6668	brassica_napus	1.0
PWY-5076	brassica_napus	1.0
PHOSLIPSYN2-PWY	brassica_napus	0.67
PWY-7198	brassica_napus	0.86
P163-PWY	brassica_napus	0.2
PWY-6829	brassica_napus	0.33
PWY-6982	brassica_napus	0.33
PWY-6370	brassica_napus	0.33
PWY-5079	brassica_napus	0.75
PWY-7751	brassica_napus	0.12
ARG-GLU-PWY	brassica_napus	0.5
PWY66-4	brassica_napus	0.83
PWY-4041	brassica_napus	1.0
PWY0-662	brassica_napus	1.0
PWY-6922	brassica_napus	0.71
PWY-7657	brassica_napus	0.14
PWY-4921	brassica_napus	1.0
PWY-6282	brassica_napus	1.0
PWY-5481	brassica_napus	1.0
PWY-5756	brassica_napus	0.12
PWY-241	brassica_napus	1.0
PWY-6519	brassica_napus	0.91
NONOXIPENT-PWY	brassica_napus	1.0
PWY-5532	brassica_napus	0.6
PWY-3561	brassica_napus	1.0
PWY-4702	brassica_napus	0.21
PWY-5668	brassica_napus	1.0
GLUT-REDOX-PWY	brassica_napus	0.5
PWY-6122	brassica_napus	0.8
PWY-3041	brassica_napus	0.5
PWY-6696	brassica_napus	0.2
PWY-7754	brassica_napus	0.1
PWY-6344	brassica_napus	0.22
PWY-5855	brassica_napus	0.5
PWY-83	brassica_napus	0.25
PWY-7053	brassica_napus	0.57
PWY-6539	brassica_napus	0.25
PWY-7379	brassica_napus	0.5
PWY-7778	brassica_napus	0.38
PWY-7126	brassica_napus	0.33
PWY-7033	brassica_napus	0.33
PWY0-166	brassica_napus	0.85
PWY-7182	brassica_napus	0.5
PWY-5139	brassica_napus	0.33
PWY-6657	brassica_napus	0.33
PWY-7656	brassica_napus	0.41
PWY-5101	brassica_napus	0.62
PWY3O-4108	brassica_napus	0.75
PWY-6942	brassica_napus	0.17
PWY-7147	brassica_napus	0.5
PWY-6692	brassica_napus	0.5
PWY-1164	brassica_napus	1.0
PWY-5353	brassica_napus	0.62
PYRUVDEHYD-PWY	brassica_napus	1.0
PWY-7102	brassica_napus	0.67
PWY-2201	brassica_napus	0.75
PWY-7841	brassica_napus	0.08
PWY-6927	brassica_napus	0.6
PWY-6976	brassica_napus	0.14
PWY-6933	brassica_napus	0.5
PWY-6303	brassica_napus	0.5
PWY0-42	brassica_napus	0.2
PWY-6863	brassica_napus	0.73
GLUTAMATE-SYN2-PWY	brassica_napus	1.0
PWY-5965	brassica_napus	0.5
PWY-5785	brassica_napus	0.5
PWY-5027	brassica_napus	0.25
PWY-4981	brassica_napus	0.5
DENITRIFICATION-PWY	brassica_napus	0.4
PWY-5537	brassica_napus	1.0
GLNSYN-PWY	brassica_napus	1.0
PWY-6619	brassica_napus	1.0
PWY-6064	brassica_napus	1.0
PWY-7800	brassica_napus	0.29
PWY-6587	brassica_napus	0.33
SUCUTIL-PWY	brassica_napus	0.33
PWY-7131	brassica_napus	0.33
PWY-5672	brassica_napus	0.11
PWY-5723	brassica_napus	1.0
PWY-6343	brassica_napus	0.33
PWY-6483	brassica_napus	0.67
LYSINE-DEG1-PWY	brassica_napus	0.6
PWY-7399	brassica_napus	0.4
PWY-5074	brassica_napus	1.0
PWY-7367	brassica_napus	0.33
PWY-5944	brassica_napus	1.0
PWY-7766	brassica_napus	0.25
PWY-6173	brassica_napus	1.0
PWY-7586	brassica_napus	0.67
PWY-5973	brassica_napus	0.8
PWY-6365	brassica_napus	0.75
PWY-6	brassica_napus	1.0
PWY-5874	brassica_napus	0.5
PWY-7210	brassica_napus	1.0
PWY-2781	brassica_napus	0.2
PWY-5207	brassica_napus	0.33
PWY-7709	brassica_napus	0.5
PWY-7733	brassica_napus	0.12
PWY-5388	brassica_napus	1.0
PWY0-1338	brassica_napus	0.17
PWY-6871	brassica_napus	0.86
PWY-7185	brassica_napus	0.6
PWY-7039	brassica_napus	0.6
PWY-5198	brassica_napus	0.2
PWY-6432	brassica_napus	0.25
P303-PWY	brassica_napus	0.33
1CMET2-PWY	brassica_napus	0.89
PWY-6754	brassica_napus	1.0
PWY-5122	brassica_napus	1.0
PWY-5048	brassica_napus	0.14
PWY-7347	brassica_napus	1.0
PWY-6012-1	brassica_napus	1.0
PWY-3781	brassica_napus	1.0
PWY-6827	brassica_napus	0.5
PWY-481	brassica_napus	0.6
CHLOROPHYLL-SYN	brassica_napus	1.0
PWY-5142	brassica_napus	1.0
CO2FORM-PWY	brassica_napus	0.5
PWY-1501	brassica_napus	0.4
PWY-7414	brassica_napus	0.2
ASPSYNII-PWY	brassica_napus	1.0
PWY-6931	brassica_napus	0.5
PWY-5692	brassica_napus	1.0
PWY-5940	brassica_napus	0.17
PWY-7455	brassica_napus	0.5
TOLUENE-DEG-DIOL-PWY	brassica_napus	0.25
PWY-5367	brassica_napus	0.33
PWY-5992	brassica_napus	0.67
